{"uuids": {"phone_id": "38e1f9ee-c040-47a0-a986-5b2dcc9cc503", "uuid": "cd9e490c-263e-486e-8e15-af6b231e45b5", "client_session_id": "c6dcad5a-52ad-413f-9d3a-6d2d10c51c24", "advertising_id": "a7432384-0b96-47c9-adcd-115393afe3b0", "device_id": "android-c82181b1c27ffa67"}, "cookie": {"csrftoken": "s0lENpkIuRnrdRY5QcZMVe1Ct63PyA99", "ds_user": "codebasicshub", "ds_user_id": "38272739488", "ig_direct_region_hint": "ATN", "mid": "YA8fMAABAAHzUQFvqwZPCgkX_934", "rur": "FRC", "sessionid": "38272739488%3AfBHIvUsJRfcAC9%3A14", "shbid": "14488", "shbts": "1611603763.8264663", "urlgen": "\"{72.76.128.212: 701}:1l47lG:croXilXn2X2xMw7_kKs2ZKH6c0U\""}, "timing_value": {"last_login": 1611603762.8405087, "last_experiments": 1611603762.8405087}, "device_settings": {"app_version": "117.0.0.28.123", "android_version": "28", "android_release": "9.0", "dpi": "420dpi", "resolution": "1080x1920", "manufacturer": "OnePlus", "device": "ONEPLUS A3003", "model": "OnePlus3", "cpu": "qcom", "version_code": "180322800"}, "user_agent": "Instagram 117.0.0.28.123 Android (28/9.0; 420dpi; 1080x1920; OnePlus; ONEPLUS A3003; OnePlus3; qcom; en_US; 180322800)"}