{"uuids": {"phone_id": "86432609-b2fe-4627-93a8-47ad958075fe", "uuid": "d644e088-d68c-4241-a896-e329927be414", "client_session_id": "9cec771f-2202-45df-9591-a9b15c514eb1", "advertising_id": "13ead670-4b35-4369-b9ec-f00c5eb29fa5", "device_id": "android-9d428eb58b345423"}, "cookie": {"csrftoken": "Wi7zDFCOF6K0DkurOqQ84QQpukN5vdHt", "ds_user": "dhavalsays", "ds_user_id": "847601822", "ig_direct_region_hint": "ASH", "mid": "YA-CCAABAAHJ-ltSoyHcmrbcBmxI", "rur": "FRC", "sessionid": "847601822%3AoIq4Cp6ngAsydK%3A24", "shbid": "19845", "shbts": "1611629067.5052652", "urlgen": "\"{72.76.128.212: 701}:1l4Ntt:5LjwkYShoHAgshdeaRq0HcsCZ8c\""}, "timing_value": {"last_login": 1611664720.6977332, "last_experiments": 1611665809.5154312}, "device_settings": {"app_version": "117.0.0.28.123", "android_version": "28", "android_release": "9.0", "dpi": "420dpi", "resolution": "1080x1920", "manufacturer": "OnePlus", "device": "ONEPLUS A3003", "model": "OnePlus3", "cpu": "qcom", "version_code": "180322800"}, "user_agent": "Instagram 117.0.0.28.123 Android (28/9.0; 420dpi; 1080x1920; OnePlus; ONEPLUS A3003; OnePlus3; qcom; en_US; 180322800)"}